,all_eg,eg<=2,2<eg<=4,4<eg<=6,6<eg<=8,8<eg,eg<0.5,4<eg
num_total,497.0,262.0,191.0,31.0,7.0,6.0,64.0,44.0
num_minus,232.0,81.0,117.0,22.0,6.0,6.0,9.0,34.0
num_plus,265.0,181.0,74.0,9.0,1.0,0.0,55.0,10.0
mae,0.4203120560269234,0.3484507156245136,0.4367982553820875,0.7548017478100361,0.5491630995068624,1.1549236158534206,0.34749147645489875,0.7766485812222654
num_total_non_outlier,497.0,262.0,191.0,31.0,7.0,6.0,64.0,44.0
num_minus_non_outlier,232.0,81.0,117.0,22.0,6.0,6.0,9.0,34.0
num_plus_non_outlier,265.0,181.0,74.0,9.0,1.0,0.0,55.0,10.0
mae_non_outlier,0.4203120560269234,0.3484507156245136,0.4367982553820875,0.7548017478100361,0.5491630995068624,1.1549236158534206,0.34749147645489875,0.7766485812222654
