,all_eg,eg<=2,2<eg<=4,4<eg<=6,6<eg<=8,8<eg,eg<0.5,4<eg
num_total,497.0,262.0,191.0,31.0,7.0,6.0,64.0,44.0
num_minus,247.0,106.0,110.0,20.0,6.0,5.0,18.0,31.0
num_plus,250.0,156.0,81.0,11.0,1.0,1.0,46.0,13.0
mae,0.39502829599745,0.34784246537512264,0.38865849084591275,0.5336631839285615,0.6730946468788518,1.6175573668239627,0.2846084642450448,0.7036492143382079
num_total_non_outlier,497.0,262.0,191.0,31.0,7.0,6.0,64.0,44.0
num_minus_non_outlier,247.0,106.0,110.0,20.0,6.0,5.0,18.0,31.0
num_plus_non_outlier,250.0,156.0,81.0,11.0,1.0,1.0,46.0,13.0
mae_non_outlier,0.39502829599745,0.34784246537512264,0.38865849084591275,0.5336631839285615,0.6730946468788518,1.6175573668239627,0.2846084642450448,0.7036492143382079
