,all_eg,eg<=2,2<eg<=4,4<eg<=6,6<eg<=8,8<eg,eg<0.5,4<eg
num_total,497.0,262.0,191.0,31.0,7.0,6.0,64.0,44.0
num_minus,224.0,74.0,111.0,26.0,7.0,6.0,3.0,39.0
num_plus,273.0,188.0,80.0,5.0,0.0,0.0,61.0,5.0
mae,0.4145917313467203,0.35336738448428445,0.3814958538199179,0.7644504137962095,1.1755168588202427,1.4462578042348226,0.300422489947038,0.922821083291662
num_total_non_outlier,497.0,262.0,191.0,31.0,7.0,6.0,64.0,44.0
num_minus_non_outlier,224.0,74.0,111.0,26.0,7.0,6.0,3.0,39.0
num_plus_non_outlier,273.0,188.0,80.0,5.0,0.0,0.0,61.0,5.0
mae_non_outlier,0.4145917313467203,0.35336738448428445,0.3814958538199179,0.7644504137962095,1.1755168588202427,1.4462578042348226,0.300422489947038,0.922821083291662
