,all_eg,eg<=2,2<eg<=4,4<eg<=6,6<eg<=8,8<eg,eg<0.5,4<eg
num_total,497.0,262.0,191.0,31.0,7.0,6.0,64.0,44.0
num_minus,238.0,71.0,128.0,26.0,7.0,6.0,8.0,39.0
num_plus,259.0,191.0,63.0,5.0,0.0,0.0,56.0,5.0
mae,0.43419873486798566,0.3898061132381998,0.3661054518900451,0.7213748959801941,0.5869892374139242,2.878313635449738,0.4212709942617937,0.9941233693177708
num_total_non_outlier,496.0,262.0,191.0,31.0,7.0,5.0,64.0,43.0
num_minus_non_outlier,237.0,71.0,128.0,26.0,7.0,5.0,8.0,38.0
num_plus_non_outlier,259.0,191.0,63.0,5.0,0.0,0.0,56.0,5.0
mae_non_outlier,0.42568810440512983,0.3898061132381998,0.3661054518900451,0.7213748959801941,0.5869892374139242,2.5228820736507958,0.4212709942617937,0.908975739663662
