,all_eg,eg<=2,2<eg<=4,4<eg<=6,6<eg<=8,8<eg,eg<0.5,4<eg
num_total,497.0,262.0,191.0,31.0,7.0,6.0,64.0,44.0
num_minus,239.0,96.0,104.0,26.0,7.0,6.0,16.0,39.0
num_plus,258.0,166.0,87.0,5.0,0.0,0.0,48.0,5.0
mae,0.6221201854527146,0.5313563779778415,0.6186122381440528,0.7394306289968041,2.0120654995752107,2.4694359430605317,0.528451256877787,1.1778050830520592
num_total_non_outlier,497.0,262.0,191.0,31.0,7.0,6.0,64.0,44.0
num_minus_non_outlier,239.0,96.0,104.0,26.0,7.0,6.0,16.0,39.0
num_plus_non_outlier,258.0,166.0,87.0,5.0,0.0,0.0,48.0,5.0
mae_non_outlier,0.6221201854527146,0.5313563779778415,0.6186122381440528,0.7394306289968041,2.0120654995752107,2.4694359430605317,0.528451256877787,1.1778050830520592
