num_features_removed,selected_features,mean_rmse_score
0,129,0.6726671183332404
8,121,0.6769476022973353
16,113,0.6826392690685996
32,97,0.6888410383972245
64,65,0.6751767761583103
