,all_eg,eg<=2,2<eg<=4,4<eg<=6,6<eg<=8,8<eg,eg<0.5,4<eg
num_total,497.0,262.0,191.0,31.0,7.0,6.0,64.0,44.0
num_minus,250.0,99.0,120.0,19.0,6.0,6.0,10.0,31.0
num_plus,247.0,163.0,71.0,12.0,1.0,0.0,54.0,13.0
mae,0.3477311558242079,0.30800095419349444,0.3396959695426602,0.6155876678639008,0.7240606628375766,0.5154269866072969,0.2694243467633271,0.6191864605292671
num_total_non_outlier,497.0,262.0,191.0,31.0,7.0,6.0,64.0,44.0
num_minus_non_outlier,250.0,99.0,120.0,19.0,6.0,6.0,10.0,31.0
num_plus_non_outlier,247.0,163.0,71.0,12.0,1.0,0.0,54.0,13.0
mae_non_outlier,0.3477311558242079,0.30800095419349444,0.3396959695426602,0.6155876678639008,0.7240606628375766,0.5154269866072969,0.2694243467633271,0.6191864605292671
