,all_eg,eg<=2,2<eg<=4,4<eg<=6,6<eg<=8,8<eg,eg<0.5,4<eg
num_total,497.0,262.0,191.0,31.0,7.0,6.0,64.0,44.0
num_minus,227.0,87.0,117.0,16.0,5.0,2.0,19.0,23.0
num_plus,270.0,175.0,74.0,15.0,2.0,4.0,45.0,21.0
mae,0.4787846657061718,0.4222629701156716,0.46141924093714515,0.8943225666666665,1.4448360142857142,0.22569233333333294,0.4255584912679447,0.8907274015151514
num_total_non_outlier,496.0,261.0,191.0,31.0,7.0,6.0,63.0,44.0
num_minus_non_outlier,227.0,87.0,117.0,16.0,5.0,2.0,19.0,23.0
num_plus_non_outlier,269.0,174.0,74.0,15.0,2.0,4.0,44.0,21.0
mae_non_outlier,0.4689110420483213,0.4032827439475325,0.46141924093714515,0.8943225666666665,1.4448360142857142,0.22569233333333294,0.3469784355737851,0.8907274015151514
